,City,Lat,Lng,Max Temp,Humidity,Cloudiness,Wind Speed,Country,Date
106,Honningsvåg,70.98,25.97,50.0,100,90,2.24,NO,1595538826
15,Havøysund,71.0,24.66,50.0,100,90,2.24,NO,1595538818
542,Prince Rupert,54.32,-130.32,53.6,100,90,6.93,CA,1595538873
540,Penzance,50.12,-5.54,64.0,100,72,12.75,GB,1595538873
159,Tornio,65.85,24.15,55.4,100,90,6.93,FI,1595538832
535,Nuevitas,21.55,-77.26,73.4,100,91,4.7,CU,1595538873
375,Dabat,12.98,37.77,54.01,100,99,3.36,ET,1595538857
310,Mehamn,71.04,27.85,50.0,100,90,1.12,NO,1595538850
136,Port Hawkesbury,45.62,-61.35,66.0,100,90,5.82,CA,1595538830
19,Bredasdorp,-34.53,20.04,46.4,100,0,3.36,ZA,1595538819
359,Båtsfjord,70.63,29.72,51.8,100,90,2.24,NO,1595538855
413,Hasaki,35.73,140.83,72.0,100,75,2.24,JP,1595538861
52,Nelson Bay,-32.72,152.15,43.0,100,75,5.82,AU,1595538822
444,Vigrestad,58.57,5.7,54.0,99,100,1.99,NO,1595538864
289,Port Macquarie,-31.43,152.92,46.0,98,75,1.3,AU,1595538847
342,Uchaly,54.3,59.45,57.4,98,100,17.2,RU,1595538853
61,Tura,25.52,90.22,73.99,98,99,4.23,IN,1595538822
260,Imeni Babushkina,59.76,43.13,53.76,97,100,4.76,RU,1595538844
506,Kolpashevo,58.31,82.91,50.95,97,16,7.63,RU,1595538870
351,Nishishinminato,36.78,137.07,73.0,97,100,3.56,JP,1595538854
485,Nemuro,43.32,145.57,58.87,97,100,8.16,JP,1595538867
372,Idah,7.11,6.73,73.67,96,100,3.53,NG,1595538857
221,Āsosa,10.07,34.53,60.55,96,99,3.53,ET,1595538839
202,Lakes Entrance,-37.88,147.98,30.99,96,19,4.47,AU,1595538837
361,Oktyabr'skiy,54.48,53.47,56.86,96,100,3.8,RU,1595538855
517,Katsuura,35.13,140.3,73.99,95,98,0.31,JP,1595538871
477,Camopi,3.17,-52.32,77.38,95,100,3.15,GF,1595538867
472,Suleja,9.18,7.18,71.85,95,82,0.81,NG,1595538866
187,Balikpapan,-1.27,116.83,75.11,95,100,6.78,ID,1595538836
90,Avarua,-21.21,-159.78,75.2,94,5,5.82,CK,1595538825
304,Tallahassee,30.44,-84.28,80.6,94,90,14.99,US,1595538696
296,Kathu,7.92,98.33,84.99,94,20,5.7,TH,1595538848
29,Salalah,17.02,54.09,78.8,94,40,6.93,OM,1595538820
379,Busca,44.52,7.47,77.0,94,65,4.7,IT,1595538857
469,Yaan,7.38,8.57,73.54,94,97,7.23,NG,1595538866
151,Vaini,-21.2,-175.2,69.8,94,75,5.82,TO,1595538831
123,Kloulklubed,7.04,134.26,75.2,94,40,3.65,PW,1595538828
148,Isangel,-19.55,169.27,71.6,94,90,15.93,VU,1595538831
215,Porto-Novo,6.5,2.6,77.0,94,20,11.41,BJ,1595538572
494,Harbour Breton,47.48,-55.8,60.06,94,100,9.53,CA,1595538868
79,Yellowknife,62.46,-114.35,60.01,93,90,13.87,CA,1595538690
188,Atbasar,51.8,68.33,61.74,93,21,7.47,KZ,1595538836
199,Yeppoon,-23.13,150.73,53.6,93,96,11.95,AU,1595538837
369,Kirkwall,58.98,-2.96,55.4,93,44,4.7,GB,1595538856
205,Klaksvík,62.23,-6.59,50.0,93,94,5.82,FO,1595538838
212,Onokhoy,51.93,108.07,53.6,93,10,4.47,RU,1595538838
356,Kajaani,64.23,27.73,53.6,93,90,4.7,FI,1595538855
271,Bereda,43.27,-7.54,64.0,93,100,5.01,ES,1595538805
276,Adjumani,3.38,31.79,66.15,93,54,0.49,UG,1595538846
228,Maningrida,-12.07,134.27,63.7,93,3,6.51,AU,1595538840
315,Vardø,70.37,31.11,53.6,93,75,9.17,NO,1595538850
240,Pangnirtung,66.15,-65.71,50.0,93,75,6.93,CA,1595538795
95,Tasiilaq,65.61,-37.64,37.4,93,96,9.17,GL,1595538825
302,Longyearbyen,78.22,15.64,46.4,93,75,8.05,SJ,1595538849
251,Berlevåg,70.86,29.09,51.8,93,90,2.24,NO,1595538843
385,Qingdao,36.1,120.37,69.01,93,0,4.47,CN,1595538858
256,Anzhero-Sudzhensk,56.08,86.03,48.2,93,0,4.47,RU,1595538843
288,Mar del Plata,-38.0,-57.56,55.99,93,90,5.82,AR,1595538779
317,Amur Oblast,54.0,128.0,58.98,93,84,1.03,RU,1595538850
166,Sungai Penuh,-2.08,101.38,63.21,93,99,3.13,ID,1595538833
23,Amazar,53.86,120.88,65.28,93,100,3.8,RU,1595538819
438,Paidha,2.42,30.99,60.67,93,70,4.34,UG,1595538863
425,Boddam,57.47,-1.78,57.99,93,90,6.93,GB,1595538862
461,Baiyin,36.56,104.21,66.0,93,90,2.24,CN,1595538865
410,Wamba,8.93,8.6,72.73,93,81,2.1,NG,1595538860
49,Esperance,-33.87,121.9,42.8,93,40,4.7,AU,1595538821
21,Cape Town,-33.93,18.42,55.0,93,90,2.24,ZA,1595538760
339,Shenjiamen,29.96,122.3,76.64,92,100,3.06,CN,1595538853
329,Saskylakh,71.92,114.08,52.23,92,95,4.45,RU,1595538852
529,Bezhetsk,57.79,36.7,48.34,92,0,7.2,RU,1595538872
497,Am Timan,11.03,20.28,72.0,92,90,4.97,TD,1595538868
392,Lermontovka,47.15,134.34,64.96,92,99,5.41,RU,1595538858
505,Punta Alta,-38.88,-62.07,46.24,92,100,22.68,AR,1595538869
433,Katobu,-4.94,122.53,71.01,91,40,2.84,ID,1595538863
422,Paamiut,61.99,-49.67,47.59,91,100,7.52,GL,1595538862
30,Severo-Kuril'sk,50.68,156.12,49.37,91,100,2.68,RU,1595538820
239,Salihorsk,52.79,27.54,50.94,91,0,5.5,BY,1595538841
373,Bahía Blanca,-38.72,-62.27,45.43,91,100,18.77,AR,1595538558
282,Nanortalik,60.14,-45.24,46.69,91,100,10.49,GL,1595538847
257,Baykit,61.67,96.37,49.33,90,100,4.21,RU,1595538844
306,Baoro,5.67,15.97,68.92,90,97,3.09,CF,1595538667
26,Blackwater,-23.58,148.88,52.77,90,2,6.08,AU,1595538819
285,Kawalu,-7.38,108.21,68.79,90,93,1.25,ID,1595538847
125,Chui,-33.7,-53.46,67.35,90,100,5.64,UY,1595538828
126,Khatanga,71.97,102.5,42.42,90,100,16.64,RU,1595538829
144,Sassandra,4.95,-6.08,74.39,90,61,7.34,CI,1595538830
390,Notsé,6.95,1.17,73.24,90,100,7.4,TG,1595538858
70,Chernyshevskiy,63.01,112.47,56.8,90,35,1.43,RU,1595538823
163,Codrington,-38.27,141.97,38.35,90,100,9.75,AU,1595538832
479,Pestovo,58.59,35.8,48.45,89,5,5.1,RU,1595538867
216,Inírida,3.87,-67.92,78.08,89,97,2.82,CO,1595538839
350,Ostrovnoy,68.05,39.51,60.49,89,92,8.1,RU,1595538854
120,Vrangel',42.73,133.08,63.3,89,100,4.97,RU,1595538828
322,Peleduy,59.63,112.74,59.61,89,64,2.51,RU,1595538851
183,Meulaboh,4.14,96.13,75.51,89,100,3.06,ID,1595538835
234,Tongchuanshi,35.08,109.09,63.77,89,100,5.61,CN,1595538841
275,Portree,57.41,-6.19,53.01,89,10,1.99,GB,1595538846
211,Alofi,-19.06,-169.92,77.0,88,75,16.11,NU,1595538831
114,Torit,4.41,32.57,68.16,88,37,2.82,SS,1595538827
122,Santa Rosa,14.31,121.11,88.0,88,100,3.36,PH,1595538828
484,Houma,29.6,-90.72,86.0,88,75,13.87,US,1595538600
501,Yārāda,17.65,83.27,80.6,88,90,2.24,IN,1595538869
519,Malumfashi,11.79,7.62,72.82,88,64,8.72,NG,1595538871
527,City of San Pedro,14.35,121.02,88.0,88,100,3.36,PH,1595538872
528,Turan,16.07,108.22,77.0,88,20,4.7,VN,1595538728
176,Beira,-19.84,34.84,66.2,88,75,10.29,MZ,1595538834
360,Carballo,43.21,-8.69,64.4,88,20,5.82,ES,1595538855
352,Solnechnyy,50.72,136.63,59.22,88,47,5.77,RU,1595538854
334,Dakar,14.69,-17.44,82.4,88,75,9.17,SN,1595538852
324,Faya,18.39,42.45,73.4,88,70,4.7,SA,1595538784
46,Dikson,73.51,80.55,41.4,88,0,5.44,RU,1595538821
44,Indang,14.2,120.88,88.0,88,100,3.36,PH,1595538821
536,Leshukonskoye,64.9,45.76,60.98,88,90,7.45,RU,1595538873
99,George Town,5.41,100.34,80.6,88,20,5.75,MY,1595538619
193,Yate,51.54,-2.42,62.01,88,59,1.99,GB,1595538836
546,Mackay,-21.15,149.2,60.8,87,90,5.82,AU,1595538874
141,São Filipe,14.9,-24.5,77.7,87,100,8.16,CV,1595538830
226,Shintomi,32.08,131.47,77.23,87,100,5.23,JP,1595538840
51,Sukhobuzimskoye,56.5,93.27,50.0,87,30,4.47,RU,1595538822
219,Sørland,67.67,12.69,50.0,87,75,16.11,NO,1595538839
217,Flinders,-34.58,150.86,46.99,87,68,1.01,AU,1595538839
41,Show Low,34.25,-110.03,60.8,87,90,10.29,US,1595538821
140,Barrow,71.29,-156.79,42.8,87,90,10.29,US,1595538830
181,Iqaluit,63.75,-68.51,50.0,87,75,4.92,CA,1595538767
449,Ploskoye,52.76,38.36,53.04,87,33,4.63,RU,1595538864
169,Tabou,4.42,-7.35,75.52,87,76,9.8,CI,1595538833
454,Lillesand,58.25,8.38,59.0,87,100,4.7,NO,1595538742
155,Darhan,49.49,105.92,56.64,87,46,1.95,MN,1595538832
512,Udachny,66.42,112.4,50.0,87,0,6.71,RU,1595538870
272,Nieves,15.33,120.95,76.98,87,100,2.35,PH,1595538846
314,Aykhal,66.0,111.5,50.0,87,0,6.71,RU,1595538850
32,Geraldton,-28.77,114.6,44.6,87,0,6.93,AU,1595538754
377,Gladstone,-23.85,151.25,57.2,87,37,4.7,AU,1595538857
134,Nome,64.5,-165.41,48.2,87,90,11.41,US,1595538829
491,Mount Gambier,-37.83,140.77,37.4,86,99,8.05,AU,1595538868
57,Weligama,5.97,80.42,78.33,86,97,11.18,LK,1595538822
147,Xining,36.62,101.77,58.66,86,100,1.5,CN,1595538831
452,Barguzin,53.62,109.62,57.4,86,68,3.85,RU,1595538865
74,Harper,4.38,-7.72,75.79,86,77,10.18,LR,1595538823
78,Safi,32.3,-9.24,72.23,86,0,14.45,MA,1595538824
160,Lhokseumawe,5.18,97.15,76.33,86,100,4.59,ID,1595538832
249,Vestmannaeyjar,63.44,-20.27,50.72,86,37,16.37,IS,1595538843
115,New Norfolk,-42.78,147.06,39.0,86,98,2.35,AU,1595538827
69,Hermanus,-34.42,19.23,57.99,85,0,1.01,ZA,1595538761
143,Cabatuan,10.88,122.49,76.64,85,100,3.71,PH,1595538830
236,Trenggalek,-8.05,111.72,71.82,85,100,4.97,ID,1595538841
261,Yatou,37.15,122.38,68.14,84,100,24.07,CN,1595538844
231,Lensk,60.73,114.93,58.46,84,56,3.56,RU,1595538840
241,Garoua,9.3,13.4,76.21,84,30,2.86,CM,1595538842
439,Dingle,11.0,122.67,76.86,84,100,3.38,PH,1595538863
434,Sola,-13.88,167.55,79.93,84,47,20.83,VU,1595538863
98,Bubaque,11.28,-15.83,80.85,84,100,19.64,GW,1595538826
222,Khani,41.96,42.96,73.4,83,75,8.05,GE,1595538840
349,Nishihara,26.18,127.76,84.2,83,75,9.17,JP,1595538854
370,Labuhan,-6.88,112.21,75.31,83,99,7.83,ID,1595538856
179,Kavaratti,10.57,72.64,81.52,83,100,16.06,IN,1595538835
364,Nagahama,35.38,136.27,73.99,83,75,2.73,JP,1595538856
180,Merauke,-8.47,140.33,75.87,83,3,13.4,ID,1595538659
430,Tuatapere,-46.13,167.68,39.0,83,77,3.0,NZ,1595538862
316,Muisne,0.6,-80.03,80.6,83,75,9.17,EC,1595538850
343,Erzin,36.96,36.2,82.0,83,0,0.6,TR,1595538853
431,Nantucket,41.28,-70.1,77.0,83,40,13.87,US,1595538862
502,Xishan,27.67,113.5,82.4,83,92,4.47,CN,1595538869
432,Gamba,-2.65,10.0,71.4,83,83,4.27,GA,1595538863
299,Biak,-0.91,122.88,75.67,83,91,7.85,ID,1595538830
1,Bluff,-46.6,168.33,39.0,83,99,3.0,NZ,1595538817
389,Pitimbu,-7.47,-34.81,75.2,83,20,10.29,BR,1595538801
0,Mataura,-46.19,168.86,39.0,83,75,3.0,NZ,1595538760
119,Oussouye,12.48,-16.55,84.2,83,40,6.93,SN,1595538828
107,Kroya,-7.63,109.25,74.28,83,100,5.1,ID,1595538826
31,Acapetahua,15.28,-92.7,78.8,83,75,12.75,MX,1595538820
252,Alekseyevsk,57.84,108.35,53.89,82,17,1.28,RU,1595538843
164,Vieira de Leiria,39.87,-8.93,66.2,82,40,10.29,PT,1595538833
353,Manakara,-22.13,48.02,64.63,82,83,12.39,MG,1595538854
446,Shestakovo,56.49,103.96,52.03,82,0,2.1,RU,1595538614
189,Masterton,-40.96,175.66,46.99,82,0,2.51,NZ,1595538836
451,Kirakira,-10.45,161.92,81.28,82,65,13.38,SB,1595538864
348,Kalmunai,7.42,81.82,78.76,82,31,13.35,LK,1595538854
468,Auki,-8.77,160.7,80.38,82,52,5.14,SB,1595538866
488,Slave Lake,55.28,-114.77,60.8,82,90,5.82,CA,1595538646
16,Tual,-5.67,132.75,78.94,82,0,19.39,ID,1595538819
254,Soyo,-6.13,12.37,71.73,82,0,8.12,AO,1595538843
137,Trofors,65.53,13.41,51.8,81,75,8.05,NO,1595538830
346,Talnakh,69.49,88.4,44.6,81,100,26.84,RU,1595538854
298,Salta,-24.79,-65.41,48.2,81,90,6.93,AR,1595538565
515,Zhigansk,66.77,123.37,59.22,81,7,11.88,RU,1595538871
112,Faanui,-16.48,-151.75,77.56,81,1,18.5,PF,1595538827
71,Port Elizabeth,-33.92,25.57,51.8,81,0,3.36,ZA,1595538823
408,Tiksi,71.69,128.87,59.94,81,62,9.4,RU,1595538860
345,Peruíbe,-24.32,-47.0,66.97,80,0,3.02,BR,1595538854
196,General Roca,-39.03,-67.58,39.2,80,75,6.93,AR,1595538837
223,Vanimo,-2.67,141.3,78.21,80,25,5.41,PG,1595538840
149,Mabaruma,8.2,-59.78,81.36,80,70,5.66,GY,1595538831
258,Vao,-22.67,167.48,69.39,80,3,18.52,NC,1595538844
118,Bandarbeyla,9.49,50.81,75.99,80,22,30.0,SO,1595538827
59,Hobart,-42.88,147.33,39.2,80,75,5.82,AU,1595538766
65,Punta Arenas,-53.15,-70.92,39.2,80,75,16.11,CL,1595538702
424,Neuquén,-38.95,-68.06,39.2,80,75,6.93,AR,1595538739
4,Hambantota,6.12,81.12,79.84,80,48,12.39,LK,1595538817
97,Acapulco de Juárez,16.86,-99.89,84.2,79,75,4.7,MX,1595538825
104,Champerico,14.3,-91.92,86.0,79,75,11.41,GT,1595538826
309,Kuminskiy,58.67,66.57,51.96,79,0,4.16,RU,1595538849
101,Novikovo,51.15,37.89,56.93,79,65,2.44,RU,1595538826
14,Hong Kong,22.29,114.16,86.0,79,96,6.98,HK,1595538818
493,Kattivākkam,13.22,80.32,84.2,79,40,8.05,IN,1595538868
464,Onega,63.91,38.14,57.65,79,99,3.13,RU,1595538866
294,Antalaha,-14.9,50.28,67.3,79,50,10.92,MG,1595538848
77,Butaritari,3.07,172.79,82.29,79,20,15.52,KI,1595538824
457,Jining,35.41,116.58,67.87,79,72,3.67,CN,1595538865
220,Kupang,-10.17,123.58,70.79,79,30,9.91,ID,1595538839
269,Coyhaique,-45.58,-72.07,24.8,79,75,3.36,CL,1595538845
154,Caravelas,-17.71,-39.25,71.78,79,23,6.08,BR,1595538831
521,Port-Gentil,-0.72,8.78,75.85,79,88,12.19,GA,1595538871
498,Lakatoro,-16.1,167.42,78.8,78,75,6.93,VU,1595538869
279,Padang,-0.95,100.35,77.38,78,100,3.36,ID,1595538847
277,Koslan,63.46,48.9,61.03,78,100,4.88,RU,1595538846
9,Lata,40.16,-8.33,71.01,78,0,1.01,PT,1595538818
263,Belmonte,-15.86,-38.88,73.4,78,75,2.24,BR,1595538844
533,Nara,34.69,135.8,77.0,78,75,6.93,JP,1595538872
499,Okhotsk,59.38,143.3,59.04,78,58,1.28,RU,1595538869
284,Los Llanos de Aridane,28.66,-17.92,71.6,78,90,16.11,ES,1595538847
273,São José da Coroa Grande,-8.9,-35.15,74.86,78,14,9.69,BR,1595538846
139,Richards Bay,-28.78,32.04,61.02,78,0,6.96,ZA,1595538830
403,Ramsar,36.92,50.64,77.0,78,90,0.29,IR,1595538860
460,Marsá Maţrūḩ,31.35,27.25,77.0,78,0,7.47,EG,1595538865
191,Tonekābon,36.82,50.87,77.0,78,90,1.57,IR,1595538836
354,Sinnamary,5.38,-52.95,81.07,78,82,8.23,GF,1595538855
398,Pochutla,15.74,-96.47,88.0,78,75,9.17,MX,1595538859
208,Coahuayana Viejo,18.73,-103.68,80.6,78,75,11.41,MX,1595538838
414,Keti Bandar,24.14,67.45,85.3,78,85,19.69,PK,1595538861
40,Baculin,7.45,126.58,78.53,78,83,4.16,PH,1595538821
60,Moerai,-22.43,-151.33,72.05,78,9,11.45,PF,1595538822
303,Port Shepstone,-30.74,30.45,61.39,77,0,10.31,ZA,1595538638
264,Tagusao,9.19,117.81,80.04,77,100,4.52,PH,1595538844
355,Fortuna,40.6,-124.16,66.99,77,20,17.22,US,1595538855
442,Lorengau,-2.02,147.27,82.62,77,39,7.63,PG,1595538864
167,Milicz,51.53,17.27,60.01,77,17,1.12,PL,1595538833
111,Carnarvon,-24.87,113.63,60.8,77,0,13.87,AU,1595538827
504,Blagoveshchenka,52.83,79.87,57.04,77,49,6.76,RU,1595538869
335,Inhambane,-23.86,35.38,64.4,77,4,11.32,MZ,1595538853
423,Seoul,37.57,126.98,71.6,77,90,4.7,KR,1595538862
168,Iraray,8.99,118.05,79.9,77,100,3.36,PH,1595538833
135,Visnes,59.36,5.22,59.0,77,100,6.93,NO,1595538829
229,Poum,-20.23,164.02,72.0,77,0,15.14,NC,1595538840
48,Mnogovershinnyy,53.94,139.92,52.79,76,3,0.96,RU,1595538821
486,Sapa,5.15,120.32,81.52,76,80,6.44,PH,1595538867
18,Coquimbo,-29.95,-71.34,53.6,76,77,10.29,CL,1595538819
177,Rāpar,23.57,70.63,84.9,76,91,15.68,IN,1595538834
200,Taitung City,22.76,121.14,81.77,76,80,4.63,TW,1595538837
204,San Policarpo,12.18,125.51,82.45,76,100,3.71,PH,1595538838
133,Provideniya,64.38,-173.3,51.8,76,93,8.95,RU,1595538829
537,Grindavik,63.84,-22.43,50.0,76,0,21.92,IS,1595538873
35,Nikolskoye,59.7,30.79,55.0,76,20,8.95,RU,1595538782
386,Mossamedes,-15.2,12.15,67.68,76,1,5.08,AO,1595538858
58,Busselton,-33.65,115.33,43.0,76,0,4.76,AU,1595538822
448,Nuuk,64.18,-51.72,53.6,76,75,5.82,GL,1595538829
25,Atuona,-9.8,-139.03,78.8,76,2,18.37,PF,1595538756
447,Rabaul,-4.2,152.17,80.29,76,9,9.06,PG,1595538864
483,Straumen,63.87,11.3,51.8,76,75,19.46,NO,1595538867
56,Cidreira,-30.18,-50.21,65.28,76,100,11.41,BR,1595538822
480,Zheleznodorozhnyy,55.75,38.0,55.4,76,0,4.47,RU,1595538867
174,Pevek,69.7,170.31,47.43,75,11,10.94,RU,1595538834
132,Sambava,-14.27,50.17,69.87,75,81,18.37,MG,1595538829
156,Broken Hill,-31.95,141.43,42.8,75,6,11.41,AU,1595538832
531,Port Augusta,-32.5,137.77,41.0,75,2,5.82,AU,1595538872
387,Whyalla,-33.03,137.58,41.0,75,34,5.82,AU,1595538858
237,Francistown,-21.17,27.51,49.42,75,0,12.12,BW,1595538841
96,Constitución,-35.33,-72.42,51.19,75,33,3.49,CL,1595538825
520,Husavik,66.04,-17.34,46.4,75,75,13.87,IS,1595538871
13,Kapaa,22.08,-159.32,82.4,74,75,11.41,US,1595538818
242,San Patricio,19.22,-104.7,84.2,74,75,8.34,MX,1595538842
297,Praia,14.92,-23.51,82.4,74,75,5.82,CV,1595538848
83,Kavieng,-2.57,150.8,82.85,74,41,6.89,PG,1595538824
393,Touros,-5.2,-35.46,78.8,74,75,11.41,BR,1595538780
489,The Valley,18.22,-63.06,84.2,74,40,16.11,AI,1595538647
131,Cabedelo,-6.98,-34.83,78.8,74,20,12.75,BR,1595538551
190,Dale,38.17,-86.99,87.8,74,75,9.17,US,1595538836
426,Ixtapa,20.7,-105.2,88.0,74,75,16.11,MX,1595538862
244,Ambilobe,-13.2,49.05,66.79,74,71,3.62,MG,1595538809
127,Natal,-5.79,-35.21,80.6,74,75,18.34,BR,1595538666
72,Ahipara,-35.17,173.17,56.95,74,5,10.67,NZ,1595538823
248,Gizo Government Station,-8.1,156.84,82.33,74,74,6.96,SB,1595538842
402,Kurya,51.6,82.29,57.51,74,9,2.98,RU,1595538859
10,Valley City,46.92,-98.0,80.6,74,1,18.34,US,1595538818
330,Camaná,-16.62,-72.71,61.97,73,66,10.89,PE,1595538852
428,Kudahuvadhoo,2.67,72.89,82.71,73,100,8.08,MV,1595538862
17,Castro,-24.79,-50.01,62.29,73,0,3.98,BR,1595538819
496,Maceió,-9.67,-35.74,75.2,73,59,5.82,BR,1595538675
323,Sisimiut,66.94,-53.67,52.18,73,64,8.16,GL,1595538851
475,Zholymbet,51.74,71.71,63.18,73,100,5.3,KZ,1595538866
280,Pangai,-19.8,-174.35,77.0,73,75,12.75,TO,1595538847
53,Mogadishu,2.04,45.34,76.78,73,35,22.32,SO,1595538822
232,Nizwá,22.93,57.53,79.16,73,69,7.63,OM,1595538841
495,Chilca,-12.52,-76.74,64.4,72,75,6.93,PE,1595538868
320,Rønne,55.1,14.71,62.6,72,65,8.05,DK,1595538851
524,Sarangani,5.4,125.46,83.95,72,83,8.1,PH,1595538872
162,Pakokku,21.33,95.1,81.25,72,100,9.08,MM,1595538832
319,Lima,-12.04,-77.03,64.4,72,75,6.93,PE,1595538773
128,Olafsvik,64.89,-23.71,47.61,72,3,20.94,IS,1595538829
24,Linares,-35.85,-71.6,48.96,72,90,2.42,CL,1595538819
203,Namtsy,62.72,129.67,64.4,72,0,2.24,RU,1595538838
281,Port Hardy,50.7,-127.42,62.6,72,90,5.82,CA,1595538847
11,Upernavik,72.79,-56.15,46.54,72,67,10.69,GL,1595538818
427,Havelock,34.88,-76.9,90.0,72,17,4.0,US,1595538862
94,Astoria,46.19,-123.83,62.6,72,90,6.93,US,1595538744
47,Kaitangata,-46.28,169.85,42.01,71,91,4.0,NZ,1595538774
152,Paita,-5.09,-81.11,67.98,71,2,18.92,PE,1595538831
75,Genhe,50.78,121.52,63.52,71,50,3.38,CN,1595538824
80,Saldanha,-33.01,17.94,53.6,71,0,1.12,ZA,1595538824
436,Athabasca,54.72,-113.29,70.45,71,45,10.94,CA,1595538863
401,Magadan,59.57,150.8,58.46,71,100,5.66,RU,1595538859
214,Manokwari,-0.87,134.08,78.85,71,0,4.0,ID,1595538793
262,Ponta do Sol,32.67,-17.1,68.0,71,0,3.02,PT,1595538844
466,Grand Gaube,-20.01,57.66,66.0,71,16,5.01,MU,1595538866
344,Saint Paul Harbor,57.79,-152.41,57.2,71,20,3.24,US,1595538742
337,Mikhaylovka,50.06,43.24,59.38,70,63,6.17,RU,1595538853
473,Ancud,-41.87,-73.82,48.99,70,0,4.7,CL,1595538866
374,Hamilton,39.18,-84.53,87.01,70,75,5.82,US,1595538720
42,Kilifi,-3.63,39.85,75.2,70,24,17.56,KE,1595538821
362,Lagoa,39.05,-27.98,70.07,70,0,4.25,PT,1595538855
417,El Salvador,13.83,-88.92,87.8,70,20,8.05,SV,1595538861
64,Qeshm,26.96,56.27,89.6,70,20,2.24,IR,1595538823
418,Trairi,-3.28,-39.27,79.45,70,55,11.63,BR,1595538861
184,Sur,22.57,59.53,84.56,70,67,18.54,OM,1595538835
116,Cayenne,4.93,-52.33,84.2,70,75,5.82,GF,1595538827
471,Bell Ville,-32.63,-62.69,48.0,69,45,11.99,AR,1595538866
331,Ilinge,-31.98,27.04,40.28,69,0,0.98,ZA,1595538852
378,Itarema,-2.92,-39.92,79.97,69,65,16.84,BR,1595538857
37,Tiarei,-17.53,-149.33,80.6,69,75,6.93,PF,1595538820
381,San Vicente,-26.62,-54.13,66.76,69,61,2.64,AR,1595538857
470,Eyl,7.98,49.82,77.43,69,91,24.83,SO,1595538766
182,Arona,28.1,-16.68,75.99,69,7,14.99,ES,1595538835
253,Aracaju,-10.91,-37.07,77.0,69,75,5.82,BR,1595538802
321,Yulara,-25.24,130.99,39.2,69,0,5.82,AU,1595538851
195,Tautira,-17.73,-149.15,80.6,69,75,6.93,PF,1595538837
420,Comodoro Rivadavia,-45.87,-67.5,37.4,69,0,8.05,AR,1595538839
227,Kushmurun,52.45,64.63,64.42,69,0,10.33,KZ,1595538840
406,Cabo Rojo,18.09,-67.15,86.0,69,45,1.99,PR,1595538860
332,Camacha,33.08,-16.33,69.8,68,75,12.75,PT,1595538852
266,Mahébourg,-20.41,57.7,68.0,68,75,17.22,MU,1595538845
86,Bambous Virieux,-20.34,57.76,68.0,68,75,17.22,MU,1595538825
507,Moshny,49.51,31.75,60.8,68,100,2.71,UA,1595538870
295,Souillac,-20.52,57.52,68.0,68,75,17.22,MU,1595538848
124,Ribeira Grande,38.52,-28.7,71.6,68,75,2.24,PT,1595538828
100,Saint-Philippe,-21.36,55.77,66.2,68,75,14.99,RE,1595538826
62,Quatre Cocos,-20.21,57.76,68.0,68,75,17.22,MU,1595538822
367,Rabo de Peixe,37.8,-25.58,69.8,68,40,5.82,PT,1595538856
22,Pisco,-13.7,-76.22,71.01,68,0,13.87,PE,1595538819
245,Vila Franca do Campo,37.72,-25.43,69.8,68,40,5.82,PT,1595538842
85,Airai,-8.93,125.41,51.94,68,56,2.68,TL,1595538824
238,Muros,42.78,-9.06,66.99,67,100,8.99,ES,1595538841
170,Leningradskiy,69.38,178.42,47.17,67,57,13.4,RU,1595538833
534,Anadyr,64.75,177.48,57.2,67,95,4.47,RU,1595538872
365,Narsaq,60.92,-46.05,57.2,67,75,10.29,GL,1595538856
459,Parry Sound,45.35,-80.03,73.0,67,37,6.31,CA,1595538865
287,Poykovskiy,61.23,73.33,59.0,67,9,4.47,RU,1595538847
82,Homer,59.64,-151.55,60.8,67,1,9.17,US,1595538824
492,Qaqortoq,60.72,-46.03,57.2,67,75,10.29,GL,1595538868
305,Sangar,63.92,127.47,63.72,67,11,8.7,RU,1595538849
391,Chake Chake,-5.25,39.77,74.35,67,0,12.84,TZ,1595538858
313,Fairbanks,64.84,-147.72,64.4,67,90,5.82,US,1595538613
371,Bethel,41.37,-73.41,86.0,66,40,5.82,US,1595538856
441,Nagydorog,46.63,18.66,69.13,66,72,4.83,HU,1595538864
404,Puerto Lempira,15.27,-83.77,89.6,66,20,9.17,HN,1595538860
411,Oistins,13.07,-59.53,84.2,66,40,10.29,BB,1595538860
400,Montepuez,-13.13,39.0,63.77,66,4,9.24,MZ,1595538859
474,Pueblo Nuevo,23.38,-105.38,74.08,66,73,6.67,MX,1595538866
158,Hithadhoo,-0.6,73.08,83.17,66,74,3.49,MV,1595538832
300,Road Town,18.42,-64.62,87.8,66,40,11.41,VG,1595538574
482,Cockburn Town,21.46,-71.14,86.0,66,40,16.11,TC,1595538794
455,Bathsheba,13.22,-59.52,84.2,66,40,10.29,BB,1595538865
333,Puerto Escondido,15.85,-97.07,87.8,66,75,8.05,MX,1595538852
265,Micheweni,-4.97,39.83,75.67,66,0,15.39,TZ,1595538844
27,Albany,42.6,-73.97,82.99,65,93,5.93,US,1595538761
45,Ushuaia,-54.8,-68.3,41.0,65,75,4.7,AR,1595538821
43,Puerto Ayora,-0.74,-90.35,78.8,65,20,23.04,EC,1595538608
513,Cartagena del Chairá,1.33,-74.84,83.46,65,44,3.4,CO,1595538870
311,Haines Junction,60.75,-137.51,61.14,65,100,3.0,CA,1595538850
50,San Javier,37.81,-0.84,80.01,65,0,4.7,ES,1595538801
186,Belz,47.68,-3.17,64.99,65,4,9.98,FR,1595538835
76,Liuli,-11.08,34.63,68.68,65,4,7.07,TZ,1595538824
545,Flin Flon,54.77,-101.86,78.8,65,40,2.24,CA,1595538874
458,Khandyga,62.67,135.6,65.3,65,8,0.34,RU,1595538865
246,Pelym,61.01,62.0,53.91,65,0,4.47,RU,1595538842
2,La Reforma,18.1,-91.02,89.73,64,22,5.88,MX,1595538817
230,Herentals,51.18,4.83,69.01,64,95,1.88,BE,1595538840
396,Praia da Vitória,38.73,-27.07,71.6,64,20,3.91,PT,1595538859
20,Vila Velha,-20.33,-40.29,77.0,64,20,9.17,BR,1595538575
363,Manzanillo,20.34,-77.12,87.71,64,91,4.41,CU,1595538856
347,Lebu,-37.62,-73.65,47.37,64,35,6.2,CL,1595538854
233,Dunedin,-45.87,170.5,43.0,63,66,4.0,NZ,1595538841
487,Iquique,-20.22,-70.14,62.6,63,75,13.87,CL,1595538868
429,Lázaro Cárdenas,17.96,-102.2,86.18,63,48,7.74,MX,1595538862
500,Saint-Joseph,-21.37,55.62,66.2,63,90,17.22,RE,1595538869
336,Ipixuna,-1.76,-48.8,86.0,62,40,6.93,BR,1595538853
67,Ust-Tsilma,65.44,52.15,68.86,62,100,5.3,RU,1595538823
210,Cherskiy,68.75,161.3,66.76,62,5,8.72,RU,1595538806
213,Manacapuru,-3.3,-60.62,86.0,62,40,4.7,BR,1595538839
7,Rikitea,-23.12,-134.97,66.97,62,0,16.2,PF,1595538670
312,Kiryat Gat,31.61,34.76,78.01,62,0,0.16,IL,1595538850
382,Old Saybrook,41.29,-72.38,88.0,62,1,5.82,US,1595538857
397,Netivot,31.42,34.59,78.01,62,0,0.83,IL,1595538859
87,San Quintín,30.48,-115.95,70.27,62,0,12.68,MX,1595538825
290,Tabatinga,-4.25,-69.94,87.8,62,75,4.7,BR,1595538848
198,Sayyan,15.17,44.32,67.14,62,75,1.07,YE,1595538837
274,Greece,43.21,-77.69,82.0,61,40,10.29,US,1595538846
206,Gurupá,-1.41,-51.64,84.83,61,100,3.04,BR,1595538838
8,Hilo,19.73,-155.09,82.4,61,90,3.36,US,1595538785
84,Jamestown,42.1,-79.24,80.01,61,75,8.05,US,1595538824
532,Clyde River,70.47,-68.59,48.2,61,75,9.17,CA,1595538822
543,Pengcheng,36.43,114.17,72.5,61,61,2.24,CN,1595538873
54,San Cristobal,7.77,-72.22,80.6,61,75,3.36,VE,1595538822
93,Capaci,38.17,13.24,81.0,61,0,5.82,IT,1595538825
394,Panabá,21.28,-88.27,91.11,60,85,6.87,MX,1595538859
318,Betsiamites,48.94,-68.65,73.4,60,40,8.05,CA,1595538851
358,La Rioja,42.25,-2.5,73.4,60,6,9.17,ES,1595538855
384,Hellvik,59.92,5.78,59.0,59,100,3.0,NO,1595538858
5,Norman Wells,65.28,-126.83,62.6,59,75,12.75,CA,1595538817
197,Mazatlán,23.22,-106.42,90.0,59,20,16.11,MX,1595538837
286,Hattiesburg,31.33,-89.29,89.6,59,75,10.29,US,1595538847
478,Puerto Ayacucho,5.66,-67.62,86.0,58,40,9.17,VE,1595538867
307,Horizontina,-27.63,-54.31,79.0,58,78,3.56,BR,1595538849
138,Ilulissat,69.22,-51.1,53.6,58,100,3.36,GL,1595538830
224,Tongliao,43.61,122.27,73.74,58,0,4.32,CN,1595538738
201,Nkayi,-4.18,13.29,74.93,58,29,2.57,CG,1595538837
6,Cabo San Lucas,22.89,-109.91,91.4,58,5,11.41,MX,1595538552
105,Thompson,55.74,-97.86,82.4,58,75,6.93,CA,1595538826
185,Arraial do Cabo,-22.97,-42.03,77.0,57,0,11.41,BR,1595538835
103,Río Bueno,-40.32,-72.97,48.2,57,0,6.93,CL,1595538826
440,Abū Zabad,12.35,29.25,81.14,57,95,12.15,SD,1595538863
405,Sechura,-5.56,-80.82,73.89,57,1,17.98,PE,1595538860
416,Bemidji,47.47,-94.88,77.0,57,1,12.75,US,1595538601
522,Hailar,49.2,119.7,67.6,56,100,10.54,CN,1595538871
340,Pavlodar,52.3,76.95,69.8,56,90,17.9,KZ,1595538853
278,Korla,41.76,86.15,70.12,56,0,10.71,CN,1595538846
146,Lavrentiya,65.58,-171.0,55.35,56,96,11.05,RU,1595538831
301,Chokurdakh,70.63,147.92,70.2,56,47,4.76,RU,1595538764
465,Terra Santa,-2.1,-56.49,88.74,55,46,4.0,BR,1595538866
73,Union,40.63,-74.27,91.99,55,75,12.75,US,1595538823
368,Lingyuan,41.24,119.4,70.27,55,0,4.81,CN,1595538856
28,Tuktoyaktuk,69.45,-133.04,57.2,54,75,16.11,CA,1595538820
172,Rome,43.21,-75.46,82.4,54,75,11.41,US,1595538833
194,Grand Haven,43.06,-86.23,82.4,54,75,10.29,US,1595538669
34,Guerrero Negro,27.98,-114.06,74.88,53,2,16.44,MX,1595538820
91,Port Lincoln,-34.73,135.87,52.86,53,0,19.35,AU,1595538825
130,Torbay,47.67,-52.73,73.0,53,75,10.29,CA,1595538829
12,Henties Bay,-22.12,14.28,64.99,53,0,3.0,NA,1595538767
113,Sept-Îles,50.2,-66.38,71.6,53,75,8.05,CA,1595538630
171,Brezovo,42.35,25.08,73.4,53,1,8.05,BG,1595538833
341,Lagunas,-5.23,-75.68,89.35,52,80,1.99,PE,1595538853
292,Jacareacanga,-6.22,-57.75,88.18,52,83,1.92,BR,1595538848
109,Portland,45.52,-122.68,73.99,52,75,4.7,US,1595538811
421,Sisa,-6.62,-76.69,89.6,52,40,17.22,PE,1595538862
437,Forestville,38.85,-76.88,93.99,52,1,8.05,US,1595538863
456,Ust'-Omchug,61.15,149.63,62.64,52,100,1.5,RU,1595538865
518,Aklavik,68.22,-135.01,60.8,51,20,10.29,CA,1595538871
326,Tangier,35.78,-5.81,80.6,51,0,2.24,MA,1595538800
145,Onalaska,43.88,-91.24,82.4,51,40,8.05,US,1595538830
129,Burgersdorp,-31.0,26.33,42.91,51,0,1.52,ZA,1595538829
39,Qaanaaq,77.48,-69.36,49.28,51,0,2.93,GL,1595538820
161,Marion,39.77,-86.16,86.0,51,1,10.29,US,1595538759
102,Inuvik,68.35,-133.72,59.0,51,75,13.87,CA,1595538826
218,Mandalgovi,45.76,106.27,71.53,50,97,5.59,MN,1595538839
250,Granada,37.25,-3.25,82.0,50,30,5.26,ES,1595538843
283,Ghanzi,-21.57,21.78,48.76,50,0,6.76,BW,1595538847
36,Lavras,-21.25,-45.0,66.18,50,0,4.03,BR,1595538820
55,Natchitoches,31.77,-93.13,95.0,50,75,8.05,US,1595538822
357,Zacapa,14.97,-89.53,91.85,49,2,1.28,GT,1595538855
68,East London,-33.02,27.91,63.34,49,0,9.66,ZA,1595538823
178,Garden City,42.33,-83.33,86.0,48,75,6.93,US,1595538620
173,Mwinilunga,-11.74,24.43,53.87,48,0,5.01,ZM,1595538834
108,Kholodnyy,62.72,147.95,68.09,48,39,2.84,RU,1595538827
293,Menongue,-14.66,17.69,49.77,48,0,4.52,AO,1595538805
490,Kumul,42.8,93.45,75.74,47,75,4.79,CN,1595538868
259,Saint Anthony,45.02,-93.22,81.0,47,1,3.36,US,1595538844
508,Naviraí,-23.07,-54.19,74.89,47,0,3.96,BR,1595538870
255,São Félix do Xingu,-6.64,-51.99,84.83,47,91,1.99,BR,1595538843
153,Hwange,-18.37,26.5,54.7,46,0,4.18,ZW,1595538831
33,Manyana,-23.4,21.72,50.31,46,0,6.62,BW,1595538820
66,Gouré,13.98,10.27,87.37,46,40,13.33,NE,1595538823
511,Abadan,38.05,58.21,82.4,45,40,6.93,TM,1595538870
445,San Borja,-14.82,-66.85,88.59,45,17,4.38,BO,1595538864
516,Leninsk,48.71,45.2,62.01,44,36,4.47,RU,1595538871
291,Kununurra,-15.77,128.73,51.8,44,0,9.28,AU,1595538848
530,Laives,46.42,11.33,80.6,44,75,6.93,IT,1595538872
544,Laas,46.62,10.7,80.6,44,75,6.93,IT,1595538873
409,Lumberton,34.62,-79.01,96.8,44,1,12.75,US,1595538630
476,Botwood,49.15,-55.35,77.0,44,75,5.82,CA,1595538867
235,Port Alfred,-33.59,26.89,63.63,43,0,10.02,ZA,1595538841
503,Mweka,-4.85,21.57,73.56,43,0,0.51,CD,1595538869
150,Karratha,-20.74,116.85,68.2,42,0,6.35,AU,1595538831
327,Ust-Kuyga,70.02,135.6,77.25,42,11,2.91,RU,1595538852
207,Jiuquan,39.74,98.52,73.15,41,100,15.14,CN,1595538838
88,Thunder Bay,48.4,-89.32,78.8,41,20,10.29,CA,1595538825
225,Sehithwa,-20.47,22.72,53.56,41,0,7.27,BW,1595538667
92,Necochea,-38.55,-58.74,50.0,39,88,5.99,AR,1595538825
89,João Pinheiro,-17.74,-46.17,68.92,39,0,2.86,BR,1595538748
538,Srednekolymsk,67.45,153.68,78.19,38,95,7.34,RU,1595538873
412,Sena Madureira,-9.07,-68.66,91.87,38,66,1.59,BR,1595538861
443,Bosaso,11.28,49.18,91.94,38,17,23.8,SO,1595538864
380,Pozo Colorado,-23.49,-58.8,82.22,38,0,0.92,PY,1595538857
308,Zomin,39.96,68.4,76.71,37,27,8.34,UZ,1595538849
175,Plettenberg Bay,-34.05,23.37,65.93,37,0,4.03,ZA,1595538834
121,Crépy-en-Valois,49.23,2.89,73.4,37,97,4.7,FR,1595538828
415,Albuquerque,35.08,-106.65,87.01,37,75,8.05,US,1595538804
419,Columbia,34.0,-81.03,99.0,37,1,4.7,US,1595538714
514,Baijiantan,45.63,85.18,76.73,36,6,4.88,CN,1595538870
453,Yangi Marg`ilon,40.43,71.72,78.8,36,18,4.7,UZ,1595538865
376,Prieska,-29.66,22.75,52.86,36,0,5.1,ZA,1595538857
541,Laguna,38.42,-121.42,87.01,35,5,9.17,US,1595538670
481,Baharly,38.44,57.43,86.54,35,41,3.98,TM,1595538867
165,Kruisfontein,-34.0,24.73,58.37,35,0,4.81,ZA,1595538833
395,Weiser,44.25,-116.97,87.8,35,1,5.82,US,1595538859
338,Plácido de Castro,-10.34,-67.19,92.8,35,0,2.64,BR,1595538853
509,Eilat,29.56,34.95,95.0,34,0,9.17,IL,1595538870
450,Ezequiel Montes,20.67,-99.88,80.6,34,75,10.29,MX,1595538864
63,Corinth,37.94,22.96,75.99,34,0,1.99,GR,1595538823
268,Karakol,42.49,78.39,59.09,33,54,4.0,KG,1595538845
110,Calvinia,-31.47,19.78,55.96,33,0,7.78,ZA,1595538827
463,Chihuahua,28.5,-106.0,87.8,33,75,12.75,MX,1595538835
81,Sucre,-19.03,-65.26,66.85,33,2,14.81,BO,1595538661
247,Benito Juarez,19.39,-99.17,77.0,33,40,4.7,MX,1595538842
267,Lüderitz,-26.65,15.16,68.0,32,0,3.36,NA,1595538845
526,Matagami,49.75,-77.63,78.8,31,1,3.15,CA,1595538872
270,Várzea da Palma,-17.6,-44.73,72.48,31,0,4.83,BR,1595538845
523,Jurm,36.86,70.83,68.61,31,0,1.79,AF,1595538872
510,Quartucciu,39.25,9.18,82.4,31,0,9.17,IT,1595538870
157,Glendive,47.11,-104.71,98.01,30,1,11.41,US,1595538832
383,Zhezkazgan,47.8,67.71,76.12,29,12,7.58,KZ,1595538858
243,Kashgar,39.45,75.98,73.4,28,59,8.95,CN,1595538842
142,Kitob,39.08,66.83,78.98,26,18,8.86,UZ,1595538830
467,Goundam,16.41,-3.67,101.61,25,0,3.27,ML,1595538866
366,Toppenish,46.38,-120.31,88.0,25,1,3.36,US,1595538856
38,Tessalit,20.2,1.01,93.85,24,38,3.06,ML,1595538820
192,Puerto Quijarro,-17.78,-57.77,89.51,24,0,2.64,BO,1595538664
462,Blythe,33.61,-114.6,102.99,24,1,17.22,US,1595538865
325,Araouane,18.9,-3.53,101.88,20,76,9.48,ML,1595538851
435,Rawlins,41.79,-107.24,82.4,20,20,19.46,US,1595538863
209,Fountain,38.68,-104.7,89.01,19,1,5.82,US,1595538838
388,Ambon City,-3.7,128.18,77.0,16,63,1.01,ID,1595538858
117,Saint George,37.1,-113.58,98.6,16,1,13.87,US,1595538804
539,Aswān,24.09,32.91,90.12,16,15,10.58,EG,1595538873
399,Bam,29.11,58.36,86.14,13,0,7.34,IR,1595538859
3,Sakakah,29.97,40.21,96.8,12,44,9.17,SA,1595538544
328,Taoudenni,22.68,-3.98,103.51,11,0,4.16,ML,1595538852
407,Calama,-22.47,-68.93,60.8,10,0,18.34,CL,1595538860
525,Kaeo,-35.1,173.78,51.01,3,5,5.99,NZ,1595538872
